Workbook

Sheet Progress Tracker
A1: Ref | B1: Level | C1: Section | D1: Page Name | F1: URL | G1: Priority | H1: Content | I1: Design | J1: Development | K1: Review | L1: % Complete | M1: Owner | N1: Target Live Date | O1: Notes
A2: 1.0 | B2: 0 | C2: Home | D2: Home | F2: / | G2: P1 | H2: Not started | I2: Not started | J2: Not started | K2: Not started | L2: =COUNTIF(H2:K2,"Complete")/4 -> 0 | O2: Hero direction still open: real warehouse vs product-first UI.
A3: 2.0 | B3: 1 | C3: Solutions | D3: Solutions Hub | F3: /solutions | G3: P1 | H3: Not started | I3: Not started | J3: Not started | K3: Not started | L3: =COUNTIF(H3:K3,"Complete")/4 -> 0
A4: 2.1 | B4: 2 | C4: Solutions | D4: Rack Safety and Intelligence | F4: /solutions/rack-intelligence | G4: P2 | H4: Not started | I4: Not started | J4: Not started | K4: Not started | L4: =COUNTIF(H4:K4,"Complete")/4 -> 0 | O4: Powered by IRDS.
A5: 2.2 | B5: 2 | C5: Solutions | D5: MHE Safety and Productivity | F5: /solutions/mhe-intelligence | G5: P2 | H5: Not started | I5: Not started | J5: Not started | K5: Not started | L5: =COUNTIF(H5:K5,"Complete")/4 -> 0 | O5: Powered by MEPS and RTSS.
A6: 2.3 | B6: 2 | C6: Solutions | D6: Inventory Intelligence | F6: /solutions/inventory-intelligence | G6: P2 | H6: Not started | I6: Not started | J6: Not started | K6: Not started | L6: =COUNTIF(H6:K6,"Complete")/4 -> 0
A7: 2.4 | B7: 2 | C7: Solutions | D7: Warehouse Execution | F7: /solutions/warehouse-execution | G7: P2 | H7: Not started | I7: Not started | J7: Not started | K7: Not started | L7: =COUNTIF(H7:K7,"Complete")/4 -> 0 | O7: Powered by ATOS.
A8: 2.5 | B8: 2 | C8: Solutions | D8: MHE Diagnostics and Maintenance | F8: /solutions/mhe-diagnostics | G8: P2 | H8: Not started | I8: Not started | J8: Not started | K8: Not started | L8: =COUNTIF(H8:K8,"Complete")/4 -> 0 | O8: Powered by IMDS.
A9: 2.6 | B9: 2 | C9: Solutions | D9: Management Intelligence | F9: /solutions/management-intelligence | G9: P2 | H9: Not started | I9: Not started | J9: Not started | K9: Not started | L9: =COUNTIF(H9:K9,"Complete")/4 -> 0 | O9: Powered by AIMS.
A10: 3.0 | B10: 1 | C10: Platform | D10: Platform Hub | F10: /platform | G10: P2 | H10: Not started | I10: Not started | J10: Not started | K10: Not started | L10: =COUNTIF(H10:K10,"Complete")/4 -> 0
D11: DIGITAL TWIN
A12: 3.1 | B12: 2 | C12: Platform | D12: MEPS | F12: /platform/overview | G12: P3 | H12: Not started | I12: Not started | J12: Not started | K12: Not started | L12: =COUNTIF(H12:K12,"Complete")/4 -> 0
A13: 3.3 | B13: 2 | C13: Platform | D13: IRDS | F13: /platform/digital-twin | G13: P3 | H13: Not started | I13: Not started | J13: Not started | K13: Not started | L13: =COUNTIF(H13:K13,"Complete")/4 -> 0
A14: 3.4 | B14: 2 | C14: Platform | D14: ATOS | F14: /platform/ai-operational-intelligence | G14: P3 | H14: Not started | I14: Not started | J14: Not started | K14: Not started | L14: =COUNTIF(H14:K14,"Complete")/4 -> 0
A15: 3.5 | B15: 2 | C15: Platform | D15: RTSS | F15: /platform/execution-engine | G15: P3 | H15: Not started | I15: Not started | J15: Not started | K15: Not started | L15: =COUNTIF(H15:K15,"Complete")/4 -> 0 | O15: ATOS.
A16: 3.6 | B16: 2 | C16: Platform | D16: IMDS | F16: /platform/integrations | G16: P3 | H16: Not started | I16: Not started | J16: Not started | K16: Not started | L16: =COUNTIF(H16:K16,"Complete")/4 -> 0 | O16: WMS, ERP, CCTV, RFID, MHE, maintenance, APIs.
A17: 3.7 | B17: 2 | C17: Platform | D17: AIMS | F17: /platform/security | G17: P3 | H17: Not started | I17: Not started | J17: Not started | K17: Not started | L17: =COUNTIF(H17:K17,"Complete")/4 -> 0 | O17: Footer Security link points here.
A18: 4.0 | B18: 1 | C18: Hardware | D18: Hardware Hub | F18: /hardware | G18: P1 | H18: Not started | I18: Not started | J18: Not started | K18: Not started | L18: =COUNTIF(H18:K18,"Complete")/4 -> 0
A19: 4.1 | B19: 2 | C19: Hardware | D19: AI Vision Camera System | F19: /hardware/ai-vision | G19: P1 | H19: Not started | I19: Not started | J19: Not started | K19: Not started | L19: =COUNTIF(H19:K19,"Complete")/4 -> 0 | O19: Standalone or platform connected.
E20: AI Vision Pro
E21: AI Vision Ultra
E22: AI Vision Max
A23: 4.2 | B23: 2 | C23: Hardware | D23: OmniBox Edge Processors | F23: /hardware/omnibox | G23: P2 | H23: Not started | I23: Not started | J23: Not started | K23: Not started | L23: =COUNTIF(H23:K23,"Complete")/4 -> 0 | O23: Four roles: Edge, AI, Motion, Core.
E24: OmniBox Edge
E25: OmniBox AI
E26: OmniBox Motion
E27: OmniBox Core
A28: 4.3 | B28: 2 | C28: Hardware | D28: RTLS and Location Intelligence | F28: /hardware/rtls | G28: P2 | H28: Not started | I28: Not started | J28: Not started | K28: Not started | L28: =COUNTIF(H28:K28,"Complete")/4 -> 0 | O28: LiDAR-first. Needs a Pilot Stage badge.
E29: LiDAR
E30: Wifi
E31: Bluetooth
E32: UWB
A33: 4.4 | B33: 2 | C33: Hardware | D33: Sensor Stack | F33: /hardware/sensor-stack | G33: P3 | H33: Not started | I33: Not started | J33: Not started | K33: Not started | L33: =COUNTIF(H33:K33,"Complete")/4 -> 0 | O33: Covers all four sensors. Not separate pages.
E34: Access Control
E35: Crash Monitoring System
E36: Speed Monitoring System
E37: Location Monitoring System
E38: Pallet Detection Sensor
E39: Battery Management System
A40: 4.6 | B40: 2 | C40: Hardware | D40: Guided Inspection Systems | E40: Coming Soon | F40: URL TBC | G40: P3 | H40: Not started | I40: Not started | J40: Not started | K40: Not started | L40: =COUNTIF(H40:K40,"Complete")/4 -> 0 | O40: BLOCKED. AirScan and FloorScan have no nav placement or URL yet.
E41: AirScan
E42: Floor Scan
A43: 5.0 | B43: 1 | C43: Services | D43: Services Hub | F43: /services | G43: P1 | H43: Not started | I43: Not started | J43: Not started | K43: Not started | L43: =COUNTIF(H43:K43,"Complete")/4 -> 0
A44: 5.1 | B44: 2 | C44: Services | D44: Rack Inspection Services | F44: /services/rack-inspection | G44: P1 | H44: Not started | I44: Not started | J44: Not started | K44: Not started | L44: =COUNTIF(H44:K44,"Complete")/4 -> 0 | O44: Most requested service.
A45: 5.2 | B45: 2 | C45: Services | D45: Structural Verification | F45: /services/structural-verification | G45: P2 | H45: Not started | I45: Not started | J45: Not started | K45: Not started | L45: =COUNTIF(H45:K45,"Complete")/4 -> 0
A46: 5.3 | B46: 2 | C46: Services | D46: Inventory Reconciliation and Audit | F46: /services/inventory-audit | G46: P2 | H46: Not started | I46: Not started | J46: Not started | K46: Not started | L46: =COUNTIF(H46:K46,"Complete")/4 -> 0
A47: 5.4 | B47: 2 | C47: Services | D47: MHE Productivity Assessment | F47: /services/mhe-productivity-assessment | G47: P2 | H47: Not started | I47: Not started | J47: Not started | K47: Not started | L47: =COUNTIF(H47:K47,"Complete")/4 -> 0
A48: 5.5 | B48: 2 | C48: Services | D48: Safety and Operational Assessment | F48: /services/operational-assessment | G48: P3 | H48: Not started | I48: Not started | J48: Not started | K48: Not started | L48: =COUNTIF(H48:K48,"Complete")/4 -> 0
A49: 5.6 | B49: 2 | C49: Services | D49: Deployment and Support | F49: /services/deployment-support | G49: P3 | H49: Not started | I49: Not started | J49: Not started | K49: Not started | L49: =COUNTIF(H49:K49,"Complete")/4 -> 0
A50: 6.0 | B50: 1 | C50: Industries | D50: Industries | F50: /industries | G50: P2 | H50: Not started | I50: Not started | J50: Not started | K50: Not started | L50: =COUNTIF(H50:K50,"Complete")/4 -> 0
A51: 6.1 | B51: 2 | C51: Industries | D51: Warehousing and Distribution | F51: /industries/warehousing-distribution | G51: P3 | H51: Not started | I51: Not started | J51: Not started | K51: Not started | L51: =COUNTIF(H51:K51,"Complete")/4 -> 0 | O51: URL proposed.
A52: 6.2 | B52: 2 | C52: Industries | D52: Third-Party Logistics (3PL) | F52: /industries/third-party-logistics | G52: P3 | H52: Not started | I52: Not started | J52: Not started | K52: Not started | L52: =COUNTIF(H52:K52,"Complete")/4 -> 0 | O52: URL proposed.
A53: 6.3 | B53: 2 | C53: Industries | D53: E-commerce | F53: /industries/ecommerce-fulfilment | G53: P3 | H53: Not started | I53: Not started | J53: Not started | K53: Not started | L53: =COUNTIF(H53:K53,"Complete")/4 -> 0 | O53: URL proposed.
A54: 6.4 | B54: 2 | C54: Industries | D54: Cold Storage | F54: /industries/cold-storage | G54: P3 | H54: Not started | I54: Not started | J54: Not started | K54: Not started | L54: =COUNTIF(H54:K54,"Complete")/4 -> 0 | O54: URL proposed.
A55: 6.5 | B55: 2 | C55: Industries | D55: Manufacturing | F55: /industries/manufacturing | G55: P3 | H55: Not started | I55: Not started | J55: Not started | K55: Not started | L55: =COUNTIF(H55:K55,"Complete")/4 -> 0 | O55: URL proposed.
A56: 6.6 | B56: 2 | C56: Industries | D56: Automotive | F56: /industries/automotive | G56: P3 | H56: Not started | I56: Not started | J56: Not started | K56: Not started | L56: =COUNTIF(H56:K56,"Complete")/4 -> 0 | O56: URL proposed.
A57: 6.7 | B57: 2 | C57: Industries | D57: FMCG | F57: /industries/fmcg | G57: P3 | H57: Not started | I57: Not started | J57: Not started | K57: Not started | L57: =COUNTIF(H57:K57,"Complete")/4 -> 0 | O57: URL proposed.
A58: 6.8 | B58: 2 | C58: Industries | D58: Food and Beverage | F58: /industries/food-beverage | G58: P3 | H58: Not started | I58: Not started | J58: Not started | K58: Not started | L58: =COUNTIF(H58:K58,"Complete")/4 -> 0 | O58: URL proposed.
A59: 6.9 | B59: 2 | C59: Industries | D59: Pharmaceuticals | F59: /industries/pharmaceuticals | G59: P3 | H59: Not started | I59: Not started | J59: Not started | K59: Not started | L59: =COUNTIF(H59:K59,"Complete")/4 -> 0 | O59: URL proposed.
C60: Industries | D60: Retail
C61: Industries | D61: Chemical
C62: Industries | D62: Aviation Logistics
C63: Industries | D63: Heavy Equipment
C64: Industries | D64: Industrial Machinery
C65: Industries | D65: Industrial Tech
C66: Industries | D66: Renewable Energy
C67: Industries | D67: Building Materials
C68: Industries | D68: Fashion Retail
C69: Industries | D69: Health Care
A70: 7.0 | B70: 1 | C70: Resources | D70: Resources Hub | F70: /resources | G70: P2 | H70: Not started | I70: Not started | J70: Not started | K70: Not started | L70: =COUNTIF(H70:K70,"Complete")/4 -> 0
A71: 7.1 | B71: 2 | C71: Resources | D71: Case Studies | F71: /resources/case-studies | G71: P3 | H71: Not started | I71: Not started | J71: Not started | K71: Not started | L71: =COUNTIF(H71:K71,"Complete")/4 -> 0 | O71: URL proposed.
A72: 7.2 | B72: 2 | C72: Resources | D72: News Room | F72: /resources/insights | G72: P3 | H72: Not started | I72: Not started | J72: Not started | K72: Not started | L72: =COUNTIF(H72:K72,"Complete")/4 -> 0 | O72: URL proposed.
A73: 7.3 | B73: 2 | C73: Resources | D73: Videos | F73: /resources/videos | G73: P3 | H73: Not started | I73: Not started | J73: Not started | K73: Not started | L73: =COUNTIF(H73:K73,"Complete")/4 -> 0 | O73: URL proposed.
A74: 7.4 | B74: 2 | C74: Resources | D74: Glossary (Industry Compliance Guides) | F74: /resources/compliance-guides | G74: P3 | H74: Not started | I74: Not started | J74: Not started | K74: Not started | L74: =COUNTIF(H74:K74,"Complete")/4 -> 0 | O74: URL proposed.
A75: 7.5 | B75: 2 | C75: Resources | D75: White Papers | F75: /resources/white-papers | G75: P3 | H75: Not started | I75: Not started | J75: Not started | K75: Not started | L75: =COUNTIF(H75:K75,"Complete")/4 -> 0 | O75: URL proposed.
A76: 7.6 | B76: 2 | C76: Resources | D76: Technical Notes | F76: /resources/technical-notes | G76: P3 | H76: Not started | I76: Not started | J76: Not started | K76: Not started | L76: =COUNTIF(H76:K76,"Complete")/4 -> 0 | O76: URL proposed.
A77: 7.7 | B77: 2 | C77: Resources | D77: Downloads | F77: /resources/downloads | G77: P3 | H77: Not started | I77: Not started | J77: Not started | K77: Not started | L77: =COUNTIF(H77:K77,"Complete")/4 -> 0 | O77: URL proposed.
A78: 7.8 | B78: 2 | C78: Resources | D78: Frequently Asked Questions (FAQs) | F78: /resources/faqs | G78: P3 | H78: Not started | I78: Not started | J78: Not started | K78: Not started | L78: =COUNTIF(H78:K78,"Complete")/4 -> 0 | O78: URL proposed.
C79: Resources | D79: Events
C80: Resources | D80: Blogs
C81: Resources | D81: Industry Reports
A82: 8.0 | B82: 1 | C82: Company | D82: Company Hub | F82: /company | G82: P3 | H82: Not started | I82: Not started | J82: Not started | K82: Not started | L82: =COUNTIF(H82:K82,"Complete")/4 -> 0
A83: 8.1 | B83: 2 | C83: Company | D83: About RAMS | F83: /company/about | G83: P3 | H83: Not started | I83: Not started | J83: Not started | K83: Not started | L83: =COUNTIF(H83:K83,"Complete")/4 -> 0 | O83: URL proposed.
A84: 8.2 | B84: 2 | C84: Company | D84: Leadership | F84: /company/leadership | G84: P3 | H84: Not started | I84: Not started | J84: Not started | K84: Not started | L84: =COUNTIF(H84:K84,"Complete")/4 -> 0 | O84: URL proposed.
A85: 8.3 | B85: 2 | C85: Company | D85: Customers | F85: /company/customers | G85: P3 | H85: Not started | I85: Not started | J85: Not started | K85: Not started | L85: =COUNTIF(H85:K85,"Complete")/4 -> 0 | O85: URL proposed.
A86: 8.4 | B86: 2 | C86: Company | D86: Certifications and Security | F86: /company/certifications | G86: P3 | H86: Not started | I86: Not started | J86: Not started | K86: Not started | L86: =COUNTIF(H86:K86,"Complete")/4 -> 0 | O86: URL proposed.
A87: 8.5 | B87: 2 | C87: Company | D87: Partners | F87: /company/partners | G87: P3 | H87: Not started | I87: Not started | J87: Not started | K87: Not started | L87: =COUNTIF(H87:K87,"Complete")/4 -> 0 | O87: URL proposed.
A88: 8.6 | B88: 2 | C88: Company | D88: Careers | F88: /company/careers | G88: P3 | H88: Not started | I88: Not started | J88: Not started | K88: Not started | L88: =COUNTIF(H88:K88,"Complete")/4 -> 0 | O88: URL proposed.
A89: 8.7 | B89: 2 | C89: Company | D89: Contact Us | F89: /company/contact | G89: P3 | H89: Not started | I89: Not started | J89: Not started | K89: Not started | L89: =COUNTIF(H89:K89,"Complete")/4 -> 0 | O89: URL proposed.
C90: Company | D90: Global Impact
C91: Company | D91: Awards & Recognition
D92: Accessibilty
A93: 10.1 | B93: 1 | C93: Conversion | D93: Find Your Starting Point | E93: CTA | F93: /find-your-starting-point | G93: P1 | H93: Not started | I93: Not started | J93: Not started | K93: Not started | L93: =COUNTIF(H93:K93,"Complete")/4 -> 0 | O93: Three-step guided selector.
A94: 10.2 | B94: 1 | C94: Conversion | D94: Book a Demo | E94: CTA | F94: /book-a-demo | G94: P1 | H94: Not started | I94: Not started | J94: Not started | K94: Not started | L94: =COUNTIF(H94:K94,"Complete")/4 -> 0 | O94: Keep the form short.
A95: 10.3 | B95: 1 | C95: Conversion | D95: Platform Login | E95: for Dashboard | F95: External | G95: P3 | H95: Not started | I95: Not started | J95: Not started | K95: Not started | L95: =COUNTIF(H95:K95,"Complete")/4 -> 0 | O95: Visually secondary to the CTAs.
A96: 11.1 | B96: 1 | C96: Footer | D96: Privacy Policy | F96: /privacy-policy | G96: P2 | H96: Not started | I96: Not started | J96: Not started | K96: Not started | L96: =COUNTIF(H96:K96,"Complete")/4 -> 0 | O96: Legal review required.
A97: 11.2 | B97: 1 | C97: Footer | D97: Terms of Use | F97: /terms-of-use | G97: P2 | H97: Not started | I97: Not started | J97: Not started | K97: Not started | L97: =COUNTIF(H97:K97,"Complete")/4 -> 0 | O97: Legal review required.
A98: 11.3 | B98: 1 | C98: Footer | D98: Cookie Policy | F98: /cookie-policy | G98: P2 | H98: Not started | I98: Not started | J98: Not started | K98: Not started | L98: =COUNTIF(H98:K98,"Complete")/4 -> 0 | O98: Legal review required.
A99: 11.4 | B99: 1 | C99: Footer | D99: Responsible AI Statement | F99: /responsible-ai | G99: P2 | H99: Not started | I99: Not started | J99: Not started | K99: Not started | L99: =COUNTIF(H99:K99,"Complete")/4 -> 0 | O99: Legal review required.
D100: Social media icons
...

Sheet How to use
A1: How to use this tracker
A4: What you update
A5: Content, Design, Development, Review | B5: Four dropdowns per page: Not started, In progress, Blocked, Complete. These are the only cells you normally change.
A6: Owner | B6: Who is accountable for that page.
A7: Target Live Date | B7: Planned publication date.
A8: Priority | B8: P1 launch, P2 phase two, P3 later. Dropdown.
A10: What calculates itself
A11: % Complete | B11: Counts how many of the four stages say Complete, divided by four. One stage done shows 25 percent, all four shows 100 percent. Do not type over it.
A12: Dashboard tab | B12: Every number reads from the tracker. Change a dropdown and the dashboard moves.
A14: Colours
A15: Green | B15: Complete.
A16: Amber | B16: In progress.
A17: Red | B17: Blocked.
A18: Orange row | B18: A page with an unresolved structural decision.
A19: Grey bold row | B19: A top-level tab or hub page.
A21: Open decision
A22: Guided Inspection Systems | B22: AirScan and FloorScan have no navigation placement and no URL. Resolve before the Hardware section can be finished.

Sheet Dashboard
A1: RAMS 2.0 Website - Build Progress
A2: Every figure is a live formula. Update the Progress Tracker tab and this recalculates.
A4: Overall completion
A5: Total pages | B5: =COUNTA('Progress Tracker'!$D$2:$D$99) -> 79
A6: Pages fully complete | B6: =COUNTIF('Progress Tracker'!$L$2:$L$99,1) -> 0
A7: Pages started but not finished | B7: =COUNTIFS('Progress Tracker'!$L$2:$L$99,">0",'Progress Tracker'!$L$2:$L$99,"<1") -> 0
A8: Pages not started | B8: =COUNTIF('Progress Tracker'!$L$2:$L$99,0) -> 62
A9: Overall site progress | B9: =AVERAGE('Progress Tracker'!$L$2:$L$99) -> 0
A11: Progress by stage
A12: Stage | B12: Complete | C12: In progress | D12: Blocked | E12: Not started
A13: Content | B13: =COUNTIF('Progress Tracker'!$H$2:$H$99,"Complete") -> 0 | C13: =COUNTIF('Progress Tracker'!$H$2:$H$99,"In progress") -> 0 | D13: =COUNTIF('Progress Tracker'!$H$2:$H$99,"Blocked") -> 0 | E13: =COUNTIF('Progress Tracker'!$H$2:$H$99,"Not started") -> 62
A14: Design | B14: =COUNTIF('Progress Tracker'!$I$2:$I$99,"Complete") -> 0 | C14: =COUNTIF('Progress Tracker'!$I$2:$I$99,"In progress") -> 0 | D14: =COUNTIF('Progress Tracker'!$I$2:$I$99,"Blocked") -> 0 | E14: =COUNTIF('Progress Tracker'!$I$2:$I$99,"Not started") -> 62
A15: Development | B15: =COUNTIF('Progress Tracker'!$J$2:$J$99,"Complete") -> 0 | C15: =COUNTIF('Progress Tracker'!$J$2:$J$99,"In progress") -> 0 | D15: =COUNTIF('Progress Tracker'!$J$2:$J$99,"Blocked") -> 0 | E15: =COUNTIF('Progress Tracker'!$J$2:$J$99,"Not started") -> 62
A16: Review | B16: =COUNTIF('Progress Tracker'!$K$2:$K$99,"Complete") -> 0 | C16: =COUNTIF('Progress Tracker'!$K$2:$K$99,"In progress") -> 0 | D16: =COUNTIF('Progress Tracker'!$K$2:$K$99,"Blocked") -> 0 | E16: =COUNTIF('Progress Tracker'!$K$2:$K$99,"Not started") -> 62
A18: Progress by section
A19: Section | B19: Pages | C19: Complete | D19: Progress
A20: Home | B20: =COUNTIF('Progress Tracker'!$C$2:$C$99,A20) -> 1 | C20: =COUNTIFS('Progress Tracker'!$C$2:$C$99,A20,'Progress Tracker'!$L$2:$L$99,1) -> 0 | D20: =IFERROR(AVERAGEIF('Progress Tracker'!$C$2:$C$99,A20,'Progress Tracker'!$L$2:$L$99),0) -> 0
A21: Solutions | B21: =COUNTIF('Progress Tracker'!$C$2:$C$99,A21) -> 7 | C21: =COUNTIFS('Progress Tracker'!$C$2:$C$99,A21,'Progress Tracker'!$L$2:$L$99,1) -> 0 | D21: =IFERROR(AVERAGEIF('Progress Tracker'!$C$2:$C$99,A21,'Progress Tracker'!$L$2:$L$99),0) -> 0
A22: Platform | B22: =COUNTIF('Progress Tracker'!$C$2:$C$99,A22) -> 7 | C22: =COUNTIFS('Progress Tracker'!$C$2:$C$99,A22,'Progress Tracker'!$L$2:$L$99,1) -> 0 | D22: =IFERROR(AVERAGEIF('Progress Tracker'!$C$2:$C$99,A22,'Progress Tracker'!$L$2:$L$99),0) -> 0
A23: Hardware | B23: =COUNTIF('Progress Tracker'!$C$2:$C$99,A23) -> 6 | C23: =COUNTIFS('Progress Tracker'!$C$2:$C$99,A23,'Progress Tracker'!$L$2:$L$99,1) -> 0 | D23: =IFERROR(AVERAGEIF('Progress Tracker'!$C$2:$C$99,A23,'Progress Tracker'!$L$2:$L$99),0) -> 0
A24: Services | B24: =COUNTIF('Progress Tracker'!$C$2:$C$99,A24) -> 7 | C24: =COUNTIFS('Progress Tracker'!$C$2:$C$99,A24,'Progress Tracker'!$L$2:$L$99,1) -> 0 | D24: =IFERROR(AVERAGEIF('Progress Tracker'!$C$2:$C$99,A24,'Progress Tracker'!$L$2:$L$99),0) -> 0
A25: Industries | B25: =COUNTIF('Progress Tracker'!$C$2:$C$99,A25) -> 20 | C25: =COUNTIFS('Progress Tracker'!$C$2:$C$99,A25,'Progress Tracker'!$L$2:$L$99,1) -> 0 | D25: =IFERROR(AVERAGEIF('Progress Tracker'!$C$2:$C$99,A25,'Progress Tracker'!$L$2:$L$99),0) -> 0
A26: Resources | B26: =COUNTIF('Progress Tracker'!$C$2:$C$99,A26) -> 12 | C26: =COUNTIFS('Progress Tracker'!$C$2:$C$99,A26,'Progress Tracker'!$L$2:$L$99,1) -> 0 | D26: =IFERROR(AVERAGEIF('Progress Tracker'!$C$2:$C$99,A26,'Progress Tracker'!$L$2:$L$99),0) -> 0
A27: Company | B27: =COUNTIF('Progress Tracker'!$C$2:$C$99,A27) -> 10 | C27: =COUNTIFS('Progress Tracker'!$C$2:$C$99,A27,'Progress Tracker'!$L$2:$L$99,1) -> 0 | D27: =IFERROR(AVERAGEIF('Progress Tracker'!$C$2:$C$99,A27,'Progress Tracker'!$L$2:$L$99),0) -> 0
A28: Campaign | B28: =COUNTIF('Progress Tracker'!$C$2:$C$99,A28) -> 0 | C28: =COUNTIFS('Progress Tracker'!$C$2:$C$99,A28,'Progress Tracker'!$L$2:$L$99,1) -> 0 | D28: =IFERROR(AVERAGEIF('Progress Tracker'!$C$2:$C$99,A28,'Progress Tracker'!$L$2:$L$99),0) -> 0
A29: Conversion | B29: =COUNTIF('Progress Tracker'!$C$2:$C$99,A29) -> 3 | C29: =COUNTIFS('Progress Tracker'!$C$2:$C$99,A29,'Progress Tracker'!$L$2:$L$99,1) -> 0 | D29: =IFERROR(AVERAGEIF('Progress Tracker'!$C$2:$C$99,A29,'Progress Tracker'!$L$2:$L$99),0) -> 0
A30: Footer | B30: =COUNTIF('Progress Tracker'!$C$2:$C$99,A30) -> 4 | C30: =COUNTIFS('Progress Tracker'!$C$2:$C$99,A30,'Progress Tracker'!$L$2:$L$99,1) -> 0 | D30: =IFERROR(AVERAGEIF('Progress Tracker'!$C$2:$C$99,A30,'Progress Tracker'!$L$2:$L$99),0) -> 0
A32: Progress by priority
A33: Priority | B33: Pages | C33: Complete | D33: Progress
A34: P1 | B34: =COUNTIF('Progress Tracker'!$G$2:$G$99,A34) -> 8 | C34: =COUNTIFS('Progress Tracker'!$G$2:$G$99,A34,'Progress Tracker'!$L$2:$L$99,1) -> 0 | D34: =IFERROR(AVERAGEIF('Progress Tracker'!$G$2:$G$99,A34,'Progress Tracker'!$L$2:$L$99),0) -> 0
A35: P2 | B35: =COUNTIF('Progress Tracker'!$G$2:$G$99,A35) -> 18 | C35: =COUNTIFS('Progress Tracker'!$G$2:$G$99,A35,'Progress Tracker'!$L$2:$L$99,1) -> 0 | D35: =IFERROR(AVERAGEIF('Progress Tracker'!$G$2:$G$99,A35,'Progress Tracker'!$L$2:$L$99),0) -> 0
A36: P3 | B36: =COUNTIF('Progress Tracker'!$G$2:$G$99,A36) -> 36 | C36: =COUNTIFS('Progress Tracker'!$G$2:$G$99,A36,'Progress Tracker'!$L$2:$L$99,1) -> 0 | D36: =IFERROR(AVERAGEIF('Progress Tracker'!$G$2:$G$99,A36,'Progress Tracker'!$L$2:$L$99),0) -> 0
A38: Blockers
A39: Stages currently marked Blocked | B39: =COUNTIF('Progress Tracker'!$H$2:$K$99,"Blocked") -> 0
A40: Known open decision: Guided Inspection has no nav placement or URL.
